Option,1A,1B,1D,1E,1G,1I,1K,1L,,3F,3C,3H,3D,3K,3G,3J,3B,127,,,,,,,,,,
1,3E,3J,3I,3F,3H,3G,3L,3K,,1,0,1,0,1,1,1,0,0,,,,,,,,,,
2,3H,3G,3I,3D,3J,3F,3L,3K,,1,0,1,1,1,1,1,0,0,,,1A,1B,1D,1E,1G,1I,1K,1L
3,3E,3J,3I,3D,3H,3G,3L,3K,,0,0,1,1,1,1,1,0,0,,,3H,3G,3B,3C,3J,3F,3D,3K
4,3E,3J,3I,3D,3H,3F,3L,3K,,1,0,1,1,1,0,1,0,0,,,,,,,,,,
5,3E,3G,3I,3D,3J,3F,3L,3K,,1,0,0,1,1,1,1,0,0,,,,,,,,,,
6,3E,3G,3J,3D,3H,3F,3L,3K,,1,0,1,1,1,1,1,0,0,,,,,,,,,,
7,3E,3G,3I,3D,3H,3F,3L,3K,,1,0,1,1,1,1,0,0,0,,,,,,,,,,
8,3E,3G,3J,3D,3H,3F,3L,3I,,1,0,1,1,0,1,1,0,0,,,,,,,,,,
9,3E,3G,3J,3D,3H,3F,3I,3K,,1,0,1,1,1,1,1,0,0,,,,,,,,,,
10,3H,3G,3I,3C,3J,3F,3L,3K,,1,1,1,0,1,1,1,0,0,,,,,,,,,,
11,3E,3J,3I,3C,3H,3G,3L,3K,,0,1,1,0,1,1,1,0,0,,,,,,,,,,
12,3E,3J,3I,3C,3H,3F,3L,3K,,1,1,1,0,1,0,1,0,0,,,,,,,,,,
13,3E,3G,3I,3C,3J,3F,3L,3K,,1,1,0,0,1,1,1,0,0,,,,,,,,,,
14,3E,3G,3J,3C,3H,3F,3L,3K,,1,1,1,0,1,1,1,0,0,,,,,,,,,,
15,3E,3G,3I,3C,3H,3F,3L,3K,,1,1,1,0,1,1,0,0,0,,,,,,,,,,
16,3E,3G,3J,3C,3H,3F,3L,3I,,1,1,1,0,0,1,1,0,0,,,,,,,,,,
17,3E,3G,3J,3C,3H,3F,3I,3K,,1,1,1,0,1,1,1,0,0,,,,,,,,,,
18,3H,3G,3I,3C,3J,3D,3L,3K,,0,1,1,1,1,1,1,0,0,,,,,,,,,,
19,3C,3J,3I,3D,3H,3F,3L,3K,,1,1,1,1,1,0,1,0,0,,,,,,,,,,
20,3C,3G,3I,3D,3J,3F,3L,3K,,1,1,0,1,1,1,1,0,0,,,,,,,,,,
21,3C,3G,3J,3D,3H,3F,3L,3K,,1,1,1,1,1,1,1,0,0,,,,,,,,,,
22,3C,3G,3I,3D,3H,3F,3L,3K,,1,1,1,1,1,1,0,0,0,,,,,,,,,,
23,3C,3G,3J,3D,3H,3F,3L,3I,,1,1,1,1,0,1,1,0,0,,,,,,,,,,
24,3C,3G,3J,3D,3H,3F,3I,3K,,1,1,1,1,1,1,1,0,0,,,,,,,,,,
25,3E,3J,3I,3C,3H,3D,3L,3K,,0,1,1,1,1,0,1,0,0,,,,,,,,,,
26,3E,3G,3I,3C,3J,3D,3L,3K,,0,1,0,1,1,1,1,0,0,,,,,,,,,,
27,3E,3G,3J,3C,3H,3D,3L,3K,,0,1,1,1,1,1,1,0,0,,,,,,,,,,
28,3E,3G,3I,3C,3H,3D,3L,3K,,0,1,1,1,1,1,0,0,0,,,,,,,,,,
29,3E,3G,3J,3C,3H,3D,3L,3I,,0,1,1,1,0,1,1,0,0,,,,,,,,,,
30,3E,3G,3J,3C,3H,3D,3I,3K,,0,1,1,1,1,1,1,0,0,,,,,,,,,,
31,3C,3J,3E,3D,3I,3F,3L,3K,,1,1,0,1,1,0,1,0,0,,,,,,,,,,
32,3C,3J,3E,3D,3H,3F,3L,3K,,1,1,1,1,1,0,1,0,0,,,,,,,,,,
33,3C,3E,3I,3D,3H,3F,3L,3K,,1,1,1,1,1,0,0,0,0,,,,,,,,,,
34,3C,3J,3E,3D,3H,3F,3L,3I,,1,1,1,1,0,0,1,0,0,,,,,,,,,,
35,3C,3J,3E,3D,3H,3F,3I,3K,,1,1,1,1,1,0,1,0,0,,,,,,,,,,
36,3C,3G,3E,3D,3J,3F,3L,3K,,1,1,0,1,1,1,1,0,0,,,,,,,,,,
37,3C,3G,3E,3D,3I,3F,3L,3K,,1,1,0,1,1,1,0,0,0,,,,,,,,,,
38,3C,3G,3E,3D,3J,3F,3L,3I,,1,1,0,1,0,1,1,0,0,,,,,,,,,,
39,3C,3G,3E,3D,3J,3F,3I,3K,,1,1,0,1,1,1,1,0,0,,,,,,,,,,
40,3C,3G,3E,3D,3H,3F,3L,3K,,1,1,1,1,1,1,0,0,0,,,,,,,,,,
41,3C,3G,3J,3D,3H,3F,3L,3E,,1,1,1,1,0,1,1,0,0,,,,,,,,,,
42,3C,3G,3J,3D,3H,3F,3E,3K,,1,1,1,1,1,1,1,0,0,,,,,,,,,,
43,3C,3G,3E,3D,3H,3F,3L,3I,,1,1,1,1,0,1,0,0,0,,,,,,,,,,
44,3C,3G,3E,3D,3H,3F,3I,3K,,1,1,1,1,1,1,0,0,0,,,,,,,,,,
45,3C,3G,3J,3D,3H,3F,3E,3I,,1,1,1,1,0,1,1,0,0,,,,,,,,,,
46,3H,3J,3B,3F,3I,3G,3L,3K,,1,0,1,0,1,1,1,1,0,,,,,,,,,,
47,3E,3J,3I,3B,3H,3G,3L,3K,,0,0,1,0,1,1,1,1,0,,,,,,,,,,
48,3E,3J,3B,3F,3I,3H,3L,3K,,1,0,1,0,1,0,1,1,0,,,,,,,,,,
49,3E,3J,3B,3F,3I,3G,3L,3K,,1,0,0,0,1,1,1,1,0,,,,,,,,,,
50,3E,3J,3B,3F,3H,3G,3L,3K,,1,0,1,0,1,1,1,1,0,,,,,,,,,,
51,3E,3G,3B,3F,3I,3H,3L,3K,,1,0,1,0,1,1,0,1,0,,,,,,,,,,
52,3E,3J,3B,3F,3H,3G,3L,3I,,1,0,1,0,0,1,1,1,0,,,,,,,,,,
53,3E,3J,3B,3F,3H,3G,3I,3K,,1,0,1,0,1,1,1,1,0,,,,,,,,,,
54,3H,3J,3B,3D,3I,3G,3L,3K,,0,0,1,1,1,1,1,1,0,,,,,,,,,,
55,3H,3J,3B,3D,3I,3F,3L,3K,,1,0,1,1,1,0,1,1,0,,,,,,,,,,
56,3I,3G,3B,3D,3J,3F,3L,3K,,1,0,0,1,1,1,1,1,0,,,,,,,,,,
57,3H,3G,3B,3D,3J,3F,3L,3K,,1,0,1,1,1,1,1,1,0,,,,,,,,,,
58,3H,3G,3B,3D,3I,3F,3L,3K,,1,0,1,1,1,1,0,1,0,,,,,,,,,,
59,3H,3G,3B,3D,3J,3F,3L,3I,,1,0,1,1,0,1,1,1,0,,,,,,,,,,
60,3H,3G,3B,3D,3J,3F,3I,3K,,1,0,1,1,1,1,1,1,0,,,,,,,,,,
61,3E,3J,3B,3D,3I,3H,3L,3K,,0,0,1,1,1,0,1,1,0,,,,,,,,,,
62,3E,3J,3B,3D,3I,3G,3L,3K,,0,0,0,1,1,1,1,1,0,,,,,,,,,,
63,3E,3J,3B,3D,3H,3G,3L,3K,,0,0,1,1,1,1,1,1,0,,,,,,,,,,
64,3E,3G,3B,3D,3I,3H,3L,3K,,0,0,1,1,1,1,0,1,0,,,,,,,,,,
65,3E,3J,3B,3D,3H,3G,3L,3I,,0,0,1,1,0,1,1,1,0,,,,,,,,,,
66,3E,3J,3B,3D,3H,3G,3I,3K,,0,0,1,1,1,1,1,1,0,,,,,,,,,,
67,3E,3J,3B,3D,3I,3F,3L,3K,,1,0,0,1,1,0,1,1,0,,,,,,,,,,
68,3E,3J,3B,3D,3H,3F,3L,3K,,1,0,1,1,1,0,1,1,0,,,,,,,,,,
69,3E,3I,3B,3D,3H,3F,3L,3K,,1,0,1,1,1,0,0,1,0,,,,,,,,,,
70,3E,3J,3B,3D,3H,3F,3L,3I,,1,0,1,1,0,0,1,1,0,,,,,,,,,,
71,3E,3J,3B,3D,3H,3F,3I,3K,,1,0,1,1,1,0,1,1,0,,,,,,,,,,
72,3E,3G,3B,3D,3J,3F,3L,3K,,1,0,0,1,1,1,1,1,0,,,,,,,,,,
73,3E,3G,3B,3D,3I,3F,3L,3K,,1,0,0,1,1,1,0,1,0,,,,,,,,,,
74,3E,3G,3B,3D,3J,3F,3L,3I,,1,0,0,1,0,1,1,1,0,,,,,,,,,,
75,3E,3G,3B,3D,3J,3F,3I,3K,,1,0,0,1,1,1,1,1,0,,,,,,,,,,
76,3E,3G,3B,3D,3H,3F,3L,3K,,1,0,1,1,1,1,0,1,0,,,,,,,,,,
77,3H,3G,3B,3D,3J,3F,3L,3E,,1,0,1,1,0,1,1,1,0,,,,,,,,,,
78,3H,3G,3B,3D,3J,3F,3E,3K,,1,0,1,1,1,1,1,1,0,,,,,,,,,,
79,3E,3G,3B,3D,3H,3F,3L,3I,,1,0,1,1,0,1,0,1,0,,,,,,,,,,
80,3E,3G,3B,3D,3H,3F,3I,3K,,1,0,1,1,1,1,0,1,0,,,,,,,,,,
81,3H,3G,3B,3D,3J,3F,3E,3I,,1,0,1,1,0,1,1,1,0,,,,,,,,,,
82,3H,3J,3B,3C,3I,3G,3L,3K,,0,1,1,0,1,1,1,1,0,,,,,,,,,,
83,3H,3J,3B,3C,3I,3F,3L,3K,,1,1,1,0,1,0,1,1,0,,,,,,,,,,
84,3I,3G,3B,3C,3J,3F,3L,3K,,1,1,0,0,1,1,1,1,0,,,,,,,,,,
85,3H,3G,3B,3C,3J,3F,3L,3K,,1,1,1,0,1,1,1,1,0,,,,,,,,,,
86,3H,3G,3B,3C,3I,3F,3L,3K,,1,1,1,0,1,1,0,1,0,,,,,,,,,,
87,3H,3G,3B,3C,3J,3F,3L,3I,,1,1,1,0,0,1,1,1,0,,,,,,,,,,
88,3H,3G,3B,3C,3J,3F,3I,3K,,1,1,1,0,1,1,1,1,0,,,,,,,,,,
89,3E,3J,3B,3C,3I,3H,3L,3K,,0,1,1,0,1,0,1,1,0,,,,,,,,,,
90,3E,3J,3B,3C,3I,3G,3L,3K,,0,1,0,0,1,1,1,1,0,,,,,,,,,,
91,3E,3J,3B,3C,3H,3G,3L,3K,,0,1,1,0,1,1,1,1,0,,,,,,,,,,
92,3E,3G,3B,3C,3I,3H,3L,3K,,0,1,1,0,1,1,0,1,0,,,,,,,,,,
93,3E,3J,3B,3C,3H,3G,3L,3I,,0,1,1,0,0,1,1,1,0,,,,,,,,,,
94,3E,3J,3B,3C,3H,3G,3I,3K,,0,1,1,0,1,1,1,1,0,,,,,,,,,,
95,3E,3J,3B,3C,3I,3F,3L,3K,,1,1,0,0,1,0,1,1,0,,,,,,,,,,
96,3E,3J,3B,3C,3H,3F,3L,3K,,1,1,1,0,1,0,1,1,0,,,,,,,,,,
97,3E,3I,3B,3C,3H,3F,3L,3K,,1,1,1,0,1,0,0,1,0,,,,,,,,,,
98,3E,3J,3B,3C,3H,3F,3L,3I,,1,1,1,0,0,0,1,1,0,,,,,,,,,,
99,3E,3J,3B,3C,3H,3F,3I,3K,,1,1,1,0,1,0,1,1,0,,,,,,,,,,
100,3E,3G,3B,3C,3J,3F,3L,3K,,1,1,0,0,1,1,1,1,0,,,,,,,,,,
101,3E,3G,3B,3C,3I,3F,3L,3K,,1,1,0,0,1,1,0,1,0,,,,,,,,,,
102,3E,3G,3B,3C,3J,3F,3L,3I,,1,1,0,0,0,1,1,1,0,,,,,,,,,,
103,3E,3G,3B,3C,3J,3F,3I,3K,,1,1,0,0,1,1,1,1,0,,,,,,,,,,
104,3E,3G,3B,3C,3H,3F,3L,3K,,1,1,1,0,1,1,0,1,0,,,,,,,,,,
105,3H,3G,3B,3C,3J,3F,3L,3E,,1,1,1,0,0,1,1,1,0,,,,,,,,,,
106,3H,3G,3B,3C,3J,3F,3E,3K,,1,1,1,0,1,1,1,1,0,,,,,,,,,,
107,3E,3G,3B,3C,3H,3F,3L,3I,,1,1,1,0,0,1,0,1,0,,,,,,,,,,
108,3E,3G,3B,3C,3H,3F,3I,3K,,1,1,1,0,1,1,0,1,0,,,,,,,,,,
109,3H,3G,3B,3C,3J,3F,3E,3I,,1,1,1,0,0,1,1,1,0,,,,,,,,,,
110,3H,3J,3B,3C,3I,3D,3L,3K,,0,1,1,1,1,0,1,1,0,,,,,,,,,,
111,3I,3G,3B,3C,3J,3D,3L,3K,,0,1,0,1,1,1,1,1,0,,,,,,,,,,
112,3H,3G,3B,3C,3J,3D,3L,3K,,0,1,1,1,1,1,1,1,0,,,,,,,,,,
113,3H,3G,3B,3C,3I,3D,3L,3K,,0,1,1,1,1,1,0,1,0,,,,,,,,,,
114,3H,3G,3B,3C,3J,3D,3L,3I,,0,1,1,1,0,1,1,1,0,,,,,,,,,,
115,3H,3G,3B,3C,3J,3D,3I,3K,,0,1,1,1,1,1,1,1,0,,,,,,,,,,
116,3C,3J,3B,3D,3I,3F,3L,3K,,1,1,0,1,1,0,1,1,0,,,,,,,,,,
117,3C,3J,3B,3D,3H,3F,3L,3K,,1,1,1,1,1,0,1,1,0,,,,,,,,,,
118,3C,3I,3B,3D,3H,3F,3L,3K,,1,1,1,1,1,0,0,1,0,,,,,,,,,,
119,3C,3J,3B,3D,3H,3F,3L,3I,,1,1,1,1,0,0,1,1,0,,,,,,,,,,
120,3C,3J,3B,3D,3H,3F,3I,3K,,1,1,1,1,1,0,1,1,0,,,,,,,,,,
121,3C,3G,3B,3D,3J,3F,3L,3K,,1,1,0,1,1,1,1,1,0,,,,,,,,,,
122,3C,3G,3B,3D,3I,3F,3L,3K,,1,1,0,1,1,1,0,1,0,,,,,,,,,,
123,3C,3G,3B,3D,3J,3F,3L,3I,,1,1,0,1,0,1,1,1,0,,,,,,,,,,
124,3C,3G,3B,3D,3J,3F,3I,3K,,1,1,0,1,1,1,1,1,0,,,,,,,,,,
125,3C,3G,3B,3D,3H,3F,3L,3K,,1,1,1,1,1,1,0,1,0,,,,,,,,,,
126,3C,3G,3B,3D,3H,3F,3L,3J,,1,1,1,1,0,1,1,1,0,,,,,,,,,,
127,3H,3G,3B,3C,3J,3F,3D,3K,,1,1,1,1,1,1,1,1,127,,,,,,,,,,
128,3C,3G,3B,3D,3H,3F,3L,3I,,1,1,1,1,0,1,0,1,0,,,,,,,,,,
129,3C,3G,3B,3D,3H,3F,3I,3K,,1,1,1,1,1,1,0,1,0,,,,,,,,,,
130,3H,3G,3B,3C,3J,3F,3D,3I,,1,1,1,1,0,1,1,1,0,,,,,,,,,,
131,3E,3J,3B,3C,3I,3D,3L,3K,,0,1,0,1,1,0,1,1,0,,,,,,,,,,
132,3E,3J,3B,3C,3H,3D,3L,3K,,0,1,1,1,1,0,1,1,0,,,,,,,,,,
133,3E,3I,3B,3C,3H,3D,3L,3K,,0,1,1,1,1,0,0,1,0,,,,,,,,,,
134,3E,3J,3B,3C,3H,3D,3L,3I,,0,1,1,1,0,0,1,1,0,,,,,,,,,,
135,3E,3J,3B,3C,3H,3D,3I,3K,,0,1,1,1,1,0,1,1,0,,,,,,,,,,
136,3E,3G,3B,3C,3J,3D,3L,3K,,0,1,0,1,1,1,1,1,0,,,,,,,,,,
137,3E,3G,3B,3C,3I,3D,3L,3K,,0,1,0,1,1,1,0,1,0,,,,,,,,,,
138,3E,3G,3B,3C,3J,3D,3L,3I,,0,1,0,1,0,1,1,1,0,,,,,,,,,,
139,3E,3G,3B,3C,3J,3D,3I,3K,,0,1,0,1,1,1,1,1,0,,,,,,,,,,
140,3E,3G,3B,3C,3H,3D,3L,3K,,0,1,1,1,1,1,0,1,0,,,,,,,,,,
141,3H,3G,3B,3C,3J,3D,3L,3E,,0,1,1,1,0,1,1,1,0,,,,,,,,,,
142,3H,3G,3B,3C,3J,3D,3E,3K,,0,1,1,1,1,1,1,1,0,,,,,,,,,,
143,3E,3G,3B,3C,3H,3D,3L,3I,,0,1,1,1,0,1,0,1,0,,,,,,,,,,
144,3E,3G,3B,3C,3H,3D,3I,3K,,0,1,1,1,1,1,0,1,0,,,,,,,,,,
145,3H,3G,3B,3C,3J,3D,3E,3I,,0,1,1,1,0,1,1,1,0,,,,,,,,,,
146,3C,3J,3B,3D,3E,3F,3L,3K,,1,1,0,1,1,0,1,1,0,,,,,,,,,,
147,3C,3E,3B,3D,3I,3F,3L,3K,,1,1,0,1,1,0,0,1,0,,,,,,,,,,
148,3C,3J,3B,3D,3E,3F,3L,3I,,1,1,0,1,0,0,1,1,0,,,,,,,,,,
149,3C,3J,3B,3D,3E,3F,3I,3K,,1,1,0,1,1,0,1,1,0,,,,,,,,,,
150,3C,3E,3B,3D,3H,3F,3L,3K,,1,1,1,1,1,0,0,1,0,,,,,,,,,,
151,3C,3J,3B,3D,3H,3F,3L,3E,,1,1,1,1,0,0,1,1,0,,,,,,,,,,
152,3C,3J,3B,3D,3H,3F,3E,3K,,1,1,1,1,1,0,1,1,0,,,,,,,,,,
153,3C,3E,3B,3D,3H,3F,3L,3I,,1,1,1,1,0,0,0,1,0,,,,,,,,,,
154,3C,3E,3B,3D,3H,3F,3I,3K,,1,1,1,1,1,0,0,1,0,,,,,,,,,,
155,3C,3J,3B,3D,3H,3F,3E,3I,,1,1,1,1,0,0,1,1,0,,,,,,,,,,
156,3C,3G,3B,3D,3E,3F,3L,3K,,1,1,0,1,1,1,0,1,0,,,,,,,,,,
157,3C,3G,3B,3D,3J,3F,3L,3E,,1,1,0,1,0,1,1,1,0,,,,,,,,,,
158,3C,3G,3B,3D,3J,3F,3E,3K,,1,1,0,1,1,1,1,1,0,,,,,,,,,,
159,3C,3G,3B,3D,3E,3F,3L,3I,,1,1,0,1,0,1,0,1,0,,,,,,,,,,
160,3C,3G,3B,3D,3E,3F,3I,3K,,1,1,0,1,1,1,0,1,0,,,,,,,,,,
161,3C,3G,3B,3D,3J,3F,3E,3I,,1,1,0,1,0,1,1,1,0,,,,,,,,,,
162,3C,3G,3B,3D,3H,3F,3L,3E,,1,1,1,1,0,1,0,1,0,,,,,,,,,,
163,3C,3G,3B,3D,3H,3F,3E,3K,,1,1,1,1,1,1,0,1,0,,,,,,,,,,
164,3H,3G,3B,3C,3J,3F,3D,3E,,1,1,1,1,0,1,1,1,0,,,,,,,,,,
165,3C,3G,3B,3D,3H,3F,3E,3I,,1,1,1,1,0,1,0,1,0,,,,,,,,,,
166,3H,3J,3I,3F,3A,3G,3L,3K,,1,0,1,0,1,1,1,0,0,,,,,,,,,,
167,3E,3J,3I,3A,3H,3G,3L,3K,,0,0,1,0,1,1,1,0,0,,,,,,,,,,
168,3E,3J,3I,3F,3A,3H,3L,3K,,1,0,1,0,1,0,1,0,0,,,,,,,,,,
169,3E,3J,3I,3F,3A,3G,3L,3K,,1,0,0,0,1,1,1,0,0,,,,,,,,,,
170,3E,3G,3J,3F,3A,3H,3L,3K,,1,0,1,0,1,1,1,0,0,,,,,,,,,,
171,3E,3G,3I,3F,3A,3H,3L,3K,,1,0,1,0,1,1,0,0,0,,,,,,,,,,
172,3E,3G,3J,3F,3A,3H,3L,3I,,1,0,1,0,0,1,1,0,0,,,,,,,,,,
173,3E,3G,3J,3F,3A,3H,3I,3K,,1,0,1,0,1,1,1,0,0,,,,,,,,,,
174,3H,3J,3I,3D,3A,3G,3L,3K,,0,0,1,1,1,1,1,0,0,,,,,,,,,,
175,3H,3J,3I,3D,3A,3F,3L,3K,,1,0,1,1,1,0,1,0,0,,,,,,,,,,
176,3I,3G,3J,3D,3A,3F,3L,3K,,1,0,0,1,1,1,1,0,0,,,,,,,,,,
177,3H,3G,3J,3D,3A,3F,3L,3K,,1,0,1,1,1,1,1,0,0,,,,,,,,,,
178,3H,3G,3I,3D,3A,3F,3L,3K,,1,0,1,1,1,1,0,0,0,,,,,,,,,,
179,3H,3G,3J,3D,3A,3F,3L,3I,,1,0,1,1,0,1,1,0,0,,,,,,,,,,
180,3H,3G,3J,3D,3A,3F,3I,3K,,1,0,1,1,1,1,1,0,0,,,,,,,,,,
181,3E,3J,3I,3D,3A,3H,3L,3K,,0,0,1,1,1,0,1,0,0,,,,,,,,,,
182,3E,3J,3I,3D,3A,3G,3L,3K,,0,0,0,1,1,1,1,0,0,,,,,,,,,,
183,3E,3G,3J,3D,3A,3H,3L,3K,,0,0,1,1,1,1,1,0,0,,,,,,,,,,
184,3E,3G,3I,3D,3A,3H,3L,3K,,0,0,1,1,1,1,0,0,0,,,,,,,,,,
185,3E,3G,3J,3D,3A,3H,3L,3I,,0,0,1,1,0,1,1,0,0,,,,,,,,,,
186,3E,3G,3J,3D,3A,3H,3I,3K,,0,0,1,1,1,1,1,0,0,,,,,,,,,,
187,3E,3J,3I,3D,3A,3F,3L,3K,,1,0,0,1,1,0,1,0,0,,,,,,,,,,
188,3H,3J,3E,3D,3A,3F,3L,3K,,1,0,1,1,1,0,1,0,0,,,,,,,,,,
189,3H,3E,3I,3D,3A,3F,3L,3K,,1,0,1,1,1,0,0,0,0,,,,,,,,,,
190,3H,3J,3E,3D,3A,3F,3L,3I,,1,0,1,1,0,0,1,0,0,,,,,,,,,,
191,3H,3J,3E,3D,3A,3F,3I,3K,,1,0,1,1,1,0,1,0,0,,,,,,,,,,
192,3E,3G,3J,3D,3A,3F,3L,3K,,1,0,0,1,1,1,1,0,0,,,,,,,,,,
193,3E,3G,3I,3D,3A,3F,3L,3K,,1,0,0,1,1,1,0,0,0,,,,,,,,,,
194,3E,3G,3J,3D,3A,3F,3L,3I,,1,0,0,1,0,1,1,0,0,,,,,,,,,,
195,3E,3G,3J,3D,3A,3F,3I,3K,,1,0,0,1,1,1,1,0,0,,,,,,,,,,
196,3H,3G,3E,3D,3A,3F,3L,3K,,1,0,1,1,1,1,0,0,0,,,,,,,,,,
197,3H,3G,3J,3D,3A,3F,3L,3E,,1,0,1,1,0,1,1,0,0,,,,,,,,,,
198,3H,3G,3J,3D,3A,3F,3E,3K,,1,0,1,1,1,1,1,0,0,,,,,,,,,,
199,3H,3G,3E,3D,3A,3F,3L,3I,,1,0,1,1,0,1,0,0,0,,,,,,,,,,
200,3H,3G,3E,3D,3A,3F,3I,3K,,1,0,1,1,1,1,0,0,0,,,,,,,,,,
201,3H,3G,3J,3D,3A,3F,3E,3I,,1,0,1,1,0,1,1,0,0,,,,,,,,,,
202,3H,3J,3I,3C,3A,3G,3L,3K,,0,1,1,0,1,1,1,0,0,,,,,,,,,,
203,3H,3J,3I,3C,3A,3F,3L,3K,,1,1,1,0,1,0,1,0,0,,,,,,,,,,
204,3I,3G,3J,3C,3A,3F,3L,3K,,1,1,0,0,1,1,1,0,0,,,,,,,,,,
205,3H,3G,3J,3C,3A,3F,3L,3K,,1,1,1,0,1,1,1,0,0,,,,,,,,,,
206,3H,3G,3I,3C,3A,3F,3L,3K,,1,1,1,0,1,1,0,0,0,,,,,,,,,,
207,3H,3G,3J,3C,3A,3F,3L,3I,,1,1,1,0,0,1,1,0,0,,,,,,,,,,
208,3H,3G,3J,3C,3A,3F,3I,3K,,1,1,1,0,1,1,1,0,0,,,,,,,,,,
209,3E,3J,3I,3C,3A,3H,3L,3K,,0,1,1,0,1,0,1,0,0,,,,,,,,,,
210,3E,3J,3I,3C,3A,3G,3L,3K,,0,1,0,0,1,1,1,0,0,,,,,,,,,,
211,3E,3G,3J,3C,3A,3H,3L,3K,,0,1,1,0,1,1,1,0,0,,,,,,,,,,
212,3E,3G,3I,3C,3A,3H,3L,3K,,0,1,1,0,1,1,0,0,0,,,,,,,,,,
213,3E,3G,3J,3C,3A,3H,3L,3I,,0,1,1,0,0,1,1,0,0,,,,,,,,,,
214,3E,3G,3J,3C,3A,3H,3I,3K,,0,1,1,0,1,1,1,0,0,,,,,,,,,,
215,3E,3J,3I,3C,3A,3F,3L,3K,,1,1,0,0,1,0,1,0,0,,,,,,,,,,
216,3H,3J,3E,3C,3A,3F,3L,3K,,1,1,1,0,1,0,1,0,0,,,,,,,,,,
217,3H,3E,3I,3C,3A,3F,3L,3K,,1,1,1,0,1,0,0,0,0,,,,,,,,,,
218,3H,3J,3E,3C,3A,3F,3L,3I,,1,1,1,0,0,0,1,0,0,,,,,,,,,,
219,3H,3J,3E,3C,3A,3F,3I,3K,,1,1,1,0,1,0,1,0,0,,,,,,,,,,
220,3E,3G,3J,3C,3A,3F,3L,3K,,1,1,0,0,1,1,1,0,0,,,,,,,,,,
221,3E,3G,3I,3C,3A,3F,3L,3K,,1,1,0,0,1,1,0,0,0,,,,,,,,,,
222,3E,3G,3J,3C,3A,3F,3L,3I,,1,1,0,0,0,1,1,0,0,,,,,,,,,,
223,3E,3G,3J,3C,3A,3F,3I,3K,,1,1,0,0,1,1,1,0,0,,,,,,,,,,
224,3H,3G,3E,3C,3A,3F,3L,3K,,1,1,1,0,1,1,0,0,0,,,,,,,,,,
225,3H,3G,3J,3C,3A,3F,3L,3E,,1,1,1,0,0,1,1,0,0,,,,,,,,,,
226,3H,3G,3J,3C,3A,3F,3E,3K,,1,1,1,0,1,1,1,0,0,,,,,,,,,,
227,3H,3G,3E,3C,3A,3F,3L,3I,,1,1,1,0,0,1,0,0,0,,,,,,,,,,
228,3H,3G,3E,3C,3A,3F,3I,3K,,1,1,1,0,1,1,0,0,0,,,,,,,,,,
229,3H,3G,3J,3C,3A,3F,3E,3I,,1,1,1,0,0,1,1,0,0,,,,,,,,,,
230,3H,3J,3I,3C,3A,3D,3L,3K,,0,1,1,1,1,0,1,0,0,,,,,,,,,,
231,3I,3G,3J,3C,3A,3D,3L,3K,,0,1,0,1,1,1,1,0,0,,,,,,,,,,
232,3H,3G,3J,3C,3A,3D,3L,3K,,0,1,1,1,1,1,1,0,0,,,,,,,,,,
233,3H,3G,3I,3C,3A,3D,3L,3K,,0,1,1,1,1,1,0,0,0,,,,,,,,,,
234,3H,3G,3J,3C,3A,3D,3L,3I,,0,1,1,1,0,1,1,0,0,,,,,,,,,,
235,3H,3G,3J,3C,3A,3D,3I,3K,,0,1,1,1,1,1,1,0,0,,,,,,,,,,
236,3C,3J,3I,3D,3A,3F,3L,3K,,1,1,0,1,1,0,1,0,0,,,,,,,,,,
237,3H,3J,3F,3C,3A,3D,3L,3K,,1,1,1,1,1,0,1,0,0,,,,,,,,,,
238,3H,3F,3I,3C,3A,3D,3L,3K,,1,1,1,1,1,0,0,0,0,,,,,,,,,,
239,3H,3J,3F,3C,3A,3D,3L,3I,,1,1,1,1,0,0,1,0,0,,,,,,,,,,
240,3H,3J,3F,3C,3A,3D,3I,3K,,1,1,1,1,1,0,1,0,0,,,,,,,,,,
241,3C,3G,3J,3D,3A,3F,3L,3K,,1,1,0,1,1,1,1,0,0,,,,,,,,,,
242,3C,3G,3I,3D,3A,3F,3L,3K,,1,1,0,1,1,1,0,0,0,,,,,,,,,,
243,3C,3G,3J,3D,3A,3F,3L,3I,,1,1,0,1,0,1,1,0,0,,,,,,,,,,
244,3C,3G,3J,3D,3A,3F,3I,3K,,1,1,0,1,1,1,1,0,0,,,,,,,,,,
245,3H,3G,3F,3C,3A,3D,3L,3K,,1,1,1,1,1,1,0,0,0,,,,,,,,,,
246,3C,3G,3J,3D,3A,3F,3L,3H,,1,1,1,1,0,1,1,0,0,,,,,,,,,,
247,3H,3G,3J,3C,3A,3F,3D,3K,,1,1,1,1,1,1,1,0,0,,,,,,,,,,
248,3H,3G,3F,3C,3A,3D,3L,3I,,1,1,1,1,0,1,0,0,0,,,,,,,,,,
249,3H,3G,3F,3C,3A,3D,3I,3K,,1,1,1,1,1,1,0,0,0,,,,,,,,,,
250,3H,3G,3J,3C,3A,3F,3D,3I,,1,1,1,1,0,1,1,0,0,,,,,,,,,,
251,3E,3J,3I,3C,3A,3D,3L,3K,,0,1,0,1,1,0,1,0,0,,,,,,,,,,
252,3H,3J,3E,3C,3A,3D,3L,3K,,0,1,1,1,1,0,1,0,0,,,,,,,,,,
253,3H,3E,3I,3C,3A,3D,3L,3K,,0,1,1,1,1,0,0,0,0,,,,,,,,,,
254,3H,3J,3E,3C,3A,3D,3L,3I,,0,1,1,1,0,0,1,0,0,,,,,,,,,,
255,3H,3J,3E,3C,3A,3D,3I,3K,,0,1,1,1,1,0,1,0,0,,,,,,,,,,
256,3E,3G,3J,3C,3A,3D,3L,3K,,0,1,0,1,1,1,1,0,0,,,,,,,,,,
257,3E,3G,3I,3C,3A,3D,3L,3K,,0,1,0,1,1,1,0,0,0,,,,,,,,,,
258,3E,3G,3J,3C,3A,3D,3L,3I,,0,1,0,1,0,1,1,0,0,,,,,,,,,,
259,3E,3G,3J,3C,3A,3D,3I,3K,,0,1,0,1,1,1,1,0,0,,,,,,,,,,
260,3H,3G,3E,3C,3A,3D,3L,3K,,0,1,1,1,1,1,0,0,0,,,,,,,,,,
261,3H,3G,3J,3C,3A,3D,3L,3E,,0,1,1,1,0,1,1,0,0,,,,,,,,,,
262,3H,3G,3J,3C,3A,3D,3E,3K,,0,1,1,1,1,1,1,0,0,,,,,,,,,,
263,3H,3G,3E,3C,3A,3D,3L,3I,,0,1,1,1,0,1,0,0,0,,,,,,,,,,
264,3H,3G,3E,3C,3A,3D,3I,3K,,0,1,1,1,1,1,0,0,0,,,,,,,,,,
265,3H,3G,3J,3C,3A,3D,3E,3I,,0,1,1,1,0,1,1,0,0,,,,,,,,,,
266,3C,3J,3E,3D,3A,3F,3L,3K,,1,1,0,1,1,0,1,0,0,,,,,,,,,,
267,3C,3E,3I,3D,3A,3F,3L,3K,,1,1,0,1,1,0,0,0,0,,,,,,,,,,
268,3C,3J,3E,3D,3A,3F,3L,3I,,1,1,0,1,0,0,1,0,0,,,,,,,,,,
269,3C,3J,3E,3D,3A,3F,3I,3K,,1,1,0,1,1,0,1,0,0,,,,,,,,,,
270,3H,3E,3F,3C,3A,3D,3L,3K,,1,1,1,1,1,0,0,0,0,,,,,,,,,,
271,3H,3J,3F,3C,3A,3D,3L,3E,,1,1,1,1,0,0,1,0,0,,,,,,,,,,
272,3H,3J,3E,3C,3A,3F,3D,3K,,1,1,1,1,1,0,1,0,0,,,,,,,,,,
273,3H,3E,3F,3C,3A,3D,3L,3I,,1,1,1,1,0,0,0,0,0,,,,,,,,,,
274,3H,3E,3F,3C,3A,3D,3I,3K,,1,1,1,1,1,0,0,0,0,,,,,,,,,,
275,3H,3J,3E,3C,3A,3F,3D,3I,,1,1,1,1,0,0,1,0,0,,,,,,,,,,
276,3C,3G,3E,3D,3A,3F,3L,3K,,1,1,0,1,1,1,0,0,0,,,,,,,,,,
277,3C,3G,3J,3D,3A,3F,3L,3E,,1,1,0,1,0,1,1,0,0,,,,,,,,,,
278,3C,3G,3J,3D,3A,3F,3E,3K,,1,1,0,1,1,1,1,0,0,,,,,,,,,,
279,3C,3G,3E,3D,3A,3F,3L,3I,,1,1,0,1,0,1,0,0,0,,,,,,,,,,
280,3C,3G,3E,3D,3A,3F,3I,3K,,1,1,0,1,1,1,0,0,0,,,,,,,,,,
281,3C,3G,3J,3D,3A,3F,3E,3I,,1,1,0,1,0,1,1,0,0,,,,,,,,,,
282,3H,3G,3F,3C,3A,3D,3L,3E,,1,1,1,1,0,1,0,0,0,,,,,,,,,,
283,3H,3G,3E,3C,3A,3F,3D,3K,,1,1,1,1,1,1,0,0,0,,,,,,,,,,
284,3H,3G,3J,3C,3A,3F,3D,3E,,1,1,1,1,0,1,1,0,0,,,,,,,,,,
285,3H,3G,3E,3C,3A,3F,3D,3I,,1,1,1,1,0,1,0,0,0,,,,,,,,,,
286,3H,3J,3B,3A,3I,3G,3L,3K,,0,0,1,0,1,1,1,1,0,,,,,,,,,,
287,3H,3J,3B,3A,3I,3F,3L,3K,,1,0,1,0,1,0,1,1,0,,,,,,,,,,
288,3I,3J,3B,3F,3A,3G,3L,3K,,1,0,0,0,1,1,1,1,0,,,,,,,,,,
289,3H,3J,3B,3F,3A,3G,3L,3K,,1,0,1,0,1,1,1,1,0,,,,,,,,,,
290,3H,3G,3B,3A,3I,3F,3L,3K,,1,0,1,0,1,1,0,1,0,,,,,,,,,,
291,3H,3J,3B,3F,3A,3G,3L,3I,,1,0,1,0,0,1,1,1,0,,,,,,,,,,
292,3H,3J,3B,3F,3A,3G,3I,3K,,1,0,1,0,1,1,1,1,0,,,,,,,,,,
293,3E,3J,3B,3A,3I,3H,3L,3K,,0,0,1,0,1,0,1,1,0,,,,,,,,,,
294,3E,3J,3B,3A,3I,3G,3L,3K,,0,0,0,0,1,1,1,1,0,,,,,,,,,,
295,3E,3J,3B,3A,3H,3G,3L,3K,,0,0,1,0,1,1,1,1,0,,,,,,,,,,
296,3E,3G,3B,3A,3I,3H,3L,3K,,0,0,1,0,1,1,0,1,0,,,,,,,,,,
297,3E,3J,3B,3A,3H,3G,3L,3I,,0,0,1,0,0,1,1,1,0,,,,,,,,,,
298,3E,3J,3B,3A,3H,3G,3I,3K,,0,0,1,0,1,1,1,1,0,,,,,,,,,,
299,3E,3J,3B,3A,3I,3F,3L,3K,,1,0,0,0,1,0,1,1,0,,,,,,,,,,
300,3E,3J,3B,3F,3A,3H,3L,3K,,1,0,1,0,1,0,1,1,0,,,,,,,,,,
301,3E,3I,3B,3F,3A,3H,3L,3K,,1,0,1,0,1,0,0,1,0,,,,,,,,,,
302,3E,3J,3B,3F,3A,3H,3L,3I,,1,0,1,0,0,0,1,1,0,,,,,,,,,,
303,3E,3J,3B,3F,3A,3H,3I,3K,,1,0,1,0,1,0,1,1,0,,,,,,,,,,
304,3E,3J,3B,3F,3A,3G,3L,3K,,1,0,0,0,1,1,1,1,0,,,,,,,,,,
305,3E,3G,3B,3A,3I,3F,3L,3K,,1,0,0,0,1,1,0,1,0,,,,,,,,,,
306,3E,3J,3B,3F,3A,3G,3L,3I,,1,0,0,0,0,1,1,1,0,,,,,,,,,,
307,3E,3J,3B,3F,3A,3G,3I,3K,,1,0,0,0,1,1,1,1,0,,,,,,,,,,
308,3E,3G,3B,3F,3A,3H,3L,3K,,1,0,1,0,1,1,0,1,0,,,,,,,,,,
309,3H,3J,3B,3F,3A,3G,3L,3E,,1,0,1,0,0,1,1,1,0,,,,,,,,,,
310,3H,3J,3B,3F,3A,3G,3E,3K,,1,0,1,0,1,1,1,1,0,,,,,,,,,,
311,3E,3G,3B,3F,3A,3H,3L,3I,,1,0,1,0,0,1,0,1,0,,,,,,,,,,
312,3E,3G,3B,3F,3A,3H,3I,3K,,1,0,1,0,1,1,0,1,0,,,,,,,,,,
313,3H,3J,3B,3F,3A,3G,3E,3I,,1,0,1,0,0,1,1,1,0,,,,,,,,,,
314,3I,3J,3B,3D,3A,3H,3L,3K,,0,0,1,1,1,0,1,1,0,,,,,,,,,,
315,3I,3J,3B,3D,3A,3G,3L,3K,,0,0,0,1,1,1,1,1,0,,,,,,,,,,
316,3H,3J,3B,3D,3A,3G,3L,3K,,0,0,1,1,1,1,1,1,0,,,,,,,,,,
317,3I,3G,3B,3D,3A,3H,3L,3K,,0,0,1,1,1,1,0,1,0,,,,,,,,,,
318,3H,3J,3B,3D,3A,3G,3L,3I,,0,0,1,1,0,1,1,1,0,,,,,,,,,,
319,3H,3J,3B,3D,3A,3G,3I,3K,,0,0,1,1,1,1,1,1,0,,,,,,,,,,
320,3I,3J,3B,3D,3A,3F,3L,3K,,1,0,0,1,1,0,1,1,0,,,,,,,,,,
321,3H,3J,3B,3D,3A,3F,3L,3K,,1,0,1,1,1,0,1,1,0,,,,,,,,,,
322,3H,3I,3B,3D,3A,3F,3L,3K,,1,0,1,1,1,0,0,1,0,,,,,,,,,,
323,3H,3J,3B,3D,3A,3F,3L,3I,,1,0,1,1,0,0,1,1,0,,,,,,,,,,
324,3H,3J,3B,3D,3A,3F,3I,3K,,1,0,1,1,1,0,1,1,0,,,,,,,,,,
325,3F,3J,3B,3D,3A,3G,3L,3K,,1,0,0,1,1,1,1,1,0,,,,,,,,,,
326,3I,3G,3B,3D,3A,3F,3L,3K,,1,0,0,1,1,1,0,1,0,,,,,,,,,,
327,3F,3J,3B,3D,3A,3G,3L,3I,,1,0,0,1,0,1,1,1,0,,,,,,,,,,
328,3F,3J,3B,3D,3A,3G,3I,3K,,1,0,0,1,1,1,1,1,0,,,,,,,,,,
329,3H,3G,3B,3D,3A,3F,3L,3K,,1,0,1,1,1,1,0,1,0,,,,,,,,,,
330,3H,3G,3B,3D,3A,3F,3L,3J,,1,0,1,1,0,1,1,1,0,,,,,,,,,,
331,3H,3G,3B,3D,3A,3F,3J,3K,,1,0,1,1,1,1,1,1,0,,,,,,,,,,
332,3H,3G,3B,3D,3A,3F,3L,3I,,1,0,1,1,0,1,0,1,0,,,,,,,,,,
333,3H,3G,3B,3D,3A,3F,3I,3K,,1,0,1,1,1,1,0,1,0,,,,,,,,,,
334,3H,3G,3B,3D,3A,3F,3I,3J,,1,0,1,1,0,1,1,1,0,,,,,,,,,,
335,3E,3J,3B,3A,3I,3D,3L,3K,,0,0,0,1,1,0,1,1,0,,,,,,,,,,
336,3E,3J,3B,3D,3A,3H,3L,3K,,0,0,1,1,1,0,1,1,0,,,,,,,,,,
337,3E,3I,3B,3D,3A,3H,3L,3K,,0,0,1,1,1,0,0,1,0,,,,,,,,,,
338,3E,3J,3B,3D,3A,3H,3L,3I,,0,0,1,1,0,0,1,1,0,,,,,,,,,,
339,3E,3J,3B,3D,3A,3H,3I,3K,,0,0,1,1,1,0,1,1,0,,,,,,,,,,
340,3E,3J,3B,3D,3A,3G,3L,3K,,0,0,0,1,1,1,1,1,0,,,,,,,,,,
341,3E,3G,3B,3A,3I,3D,3L,3K,,0,0,0,1,1,1,0,1,0,,,,,,,,,,
342,3E,3J,3B,3D,3A,3G,3L,3I,,0,0,0,1,0,1,1,1,0,,,,,,,,,,
343,3E,3J,3B,3D,3A,3G,3I,3K,,0,0,0,1,1,1,1,1,0,,,,,,,,,,
344,3E,3G,3B,3D,3A,3H,3L,3K,,0,0,1,1,1,1,0,1,0,,,,,,,,,,
345,3H,3J,3B,3D,3A,3G,3L,3E,,0,0,1,1,0,1,1,1,0,,,,,,,,,,
346,3H,3J,3B,3D,3A,3G,3E,3K,,0,0,1,1,1,1,1,1,0,,,,,,,,,,
347,3E,3G,3B,3D,3A,3H,3L,3I,,0,0,1,1,0,1,0,1,0,,,,,,,,,,
348,3E,3G,3B,3D,3A,3H,3I,3K,,0,0,1,1,1,1,0,1,0,,,,,,,,,,
349,3H,3J,3B,3D,3A,3G,3E,3I,,0,0,1,1,0,1,1,1,0,,,,,,,,,,
350,3E,3J,3B,3D,3A,3F,3L,3K,,1,0,0,1,1,0,1,1,0,,,,,,,,,,
351,3E,3I,3B,3D,3A,3F,3L,3K,,1,0,0,1,1,0,0,1,0,,,,,,,,,,
352,3E,3J,3B,3D,3A,3F,3L,3I,,1,0,0,1,0,0,1,1,0,,,,,,,,,,
353,3E,3J,3B,3D,3A,3F,3I,3K,,1,0,0,1,1,0,1,1,0,,,,,,,,,,
354,3H,3E,3B,3D,3A,3F,3L,3K,,1,0,1,1,1,0,0,1,0,,,,,,,,,,
355,3H,3J,3B,3D,3A,3F,3L,3E,,1,0,1,1,0,0,1,1,0,,,,,,,,,,
356,3H,3J,3B,3D,3A,3F,3E,3K,,1,0,1,1,1,0,1,1,0,,,,,,,,,,
357,3H,3E,3B,3D,3A,3F,3L,3I,,1,0,1,1,0,0,0,1,0,,,,,,,,,,
358,3H,3E,3B,3D,3A,3F,3I,3K,,1,0,1,1,1,0,0,1,0,,,,,,,,,,
359,3H,3J,3B,3D,3A,3F,3E,3I,,1,0,1,1,0,0,1,1,0,,,,,,,,,,
360,3E,3G,3B,3D,3A,3F,3L,3K,,1,0,0,1,1,1,0,1,0,,,,,,,,,,
361,3E,3G,3B,3D,3A,3F,3L,3J,,1,0,0,1,0,1,1,1,0,,,,,,,,,,
362,3E,3G,3B,3D,3A,3F,3J,3K,,1,0,0,1,1,1,1,1,0,,,,,,,,,,
363,3E,3G,3B,3D,3A,3F,3L,3I,,1,0,0,1,0,1,0,1,0,,,,,,,,,,
364,3E,3G,3B,3D,3A,3F,3I,3K,,1,0,0,1,1,1,0,1,0,,,,,,,,,,
365,3E,3G,3B,3D,3A,3F,3I,3J,,1,0,0,1,0,1,1,1,0,,,,,,,,,,
366,3H,3G,3B,3D,3A,3F,3L,3E,,1,0,1,1,0,1,0,1,0,,,,,,,,,,
367,3H,3G,3B,3D,3A,3F,3E,3K,,1,0,1,1,1,1,0,1,0,,,,,,,,,,
368,3H,3G,3B,3D,3A,3F,3E,3J,,1,0,1,1,0,1,1,1,0,,,,,,,,,,
369,3H,3G,3B,3D,3A,3F,3E,3I,,1,0,1,1,0,1,0,1,0,,,,,,,,,,
370,3I,3J,3B,3C,3A,3H,3L,3K,,0,1,1,0,1,0,1,1,0,,,,,,,,,,
371,3I,3J,3B,3C,3A,3G,3L,3K,,0,1,0,0,1,1,1,1,0,,,,,,,,,,
372,3H,3J,3B,3C,3A,3G,3L,3K,,0,1,1,0,1,1,1,1,0,,,,,,,,,,
373,3I,3G,3B,3C,3A,3H,3L,3K,,0,1,1,0,1,1,0,1,0,,,,,,,,,,
374,3H,3J,3B,3C,3A,3G,3L,3I,,0,1,1,0,0,1,1,1,0,,,,,,,,,,
375,3H,3J,3B,3C,3A,3G,3I,3K,,0,1,1,0,1,1,1,1,0,,,,,,,,,,
376,3I,3J,3B,3C,3A,3F,3L,3K,,1,1,0,0,1,0,1,1,0,,,,,,,,,,
377,3H,3J,3B,3C,3A,3F,3L,3K,,1,1,1,0,1,0,1,1,0,,,,,,,,,,
378,3H,3I,3B,3C,3A,3F,3L,3K,,1,1,1,0,1,0,0,1,0,,,,,,,,,,
379,3H,3J,3B,3C,3A,3F,3L,3I,,1,1,1,0,0,0,1,1,0,,,,,,,,,,
380,3H,3J,3B,3C,3A,3F,3I,3K,,1,1,1,0,1,0,1,1,0,,,,,,,,,,
381,3C,3J,3B,3F,3A,3G,3L,3K,,1,1,0,0,1,1,1,1,0,,,,,,,,,,
382,3I,3G,3B,3C,3A,3F,3L,3K,,1,1,0,0,1,1,0,1,0,,,,,,,,,,
383,3C,3J,3B,3F,3A,3G,3L,3I,,1,1,0,0,0,1,1,1,0,,,,,,,,,,
384,3C,3J,3B,3F,3A,3G,3I,3K,,1,1,0,0,1,1,1,1,0,,,,,,,,,,
385,3H,3G,3B,3C,3A,3F,3L,3K,,1,1,1,0,1,1,0,1,0,,,,,,,,,,
386,3H,3G,3B,3C,3A,3F,3L,3J,,1,1,1,0,0,1,1,1,0,,,,,,,,,,
387,3H,3G,3B,3C,3A,3F,3J,3K,,1,1,1,0,1,1,1,1,0,,,,,,,,,,
388,3H,3G,3B,3C,3A,3F,3L,3I,,1,1,1,0,0,1,0,1,0,,,,,,,,,,
389,3H,3G,3B,3C,3A,3F,3I,3K,,1,1,1,0,1,1,0,1,0,,,,,,,,,,
390,3H,3G,3B,3C,3A,3F,3I,3J,,1,1,1,0,0,1,1,1,0,,,,,,,,,,
391,3E,3J,3B,3A,3I,3C,3L,3K,,0,1,0,0,1,0,1,1,0,,,,,,,,,,
392,3E,3J,3B,3C,3A,3H,3L,3K,,0,1,1,0,1,0,1,1,0,,,,,,,,,,
393,3E,3I,3B,3C,3A,3H,3L,3K,,0,1,1,0,1,0,0,1,0,,,,,,,,,,
394,3E,3J,3B,3C,3A,3H,3L,3I,,0,1,1,0,0,0,1,1,0,,,,,,,,,,
395,3E,3J,3B,3C,3A,3H,3I,3K,,0,1,1,0,1,0,1,1,0,,,,,,,,,,
396,3E,3J,3B,3C,3A,3G,3L,3K,,0,1,0,0,1,1,1,1,0,,,,,,,,,,
397,3E,3G,3B,3A,3I,3C,3L,3K,,0,1,0,0,1,1,0,1,0,,,,,,,,,,
398,3E,3J,3B,3C,3A,3G,3L,3I,,0,1,0,0,0,1,1,1,0,,,,,,,,,,
399,3E,3J,3B,3C,3A,3G,3I,3K,,0,1,0,0,1,1,1,1,0,,,,,,,,,,
400,3E,3G,3B,3C,3A,3H,3L,3K,,0,1,1,0,1,1,0,1,0,,,,,,,,,,
401,3H,3J,3B,3C,3A,3G,3L,3E,,0,1,1,0,0,1,1,1,0,,,,,,,,,,
402,3H,3J,3B,3C,3A,3G,3E,3K,,0,1,1,0,1,1,1,1,0,,,,,,,,,,
403,3E,3G,3B,3C,3A,3H,3L,3I,,0,1,1,0,0,1,0,1,0,,,,,,,,,,
404,3E,3G,3B,3C,3A,3H,3I,3K,,0,1,1,0,1,1,0,1,0,,,,,,,,,,
405,3H,3J,3B,3C,3A,3G,3E,3I,,0,1,1,0,0,1,1,1,0,,,,,,,,,,
406,3E,3J,3B,3C,3A,3F,3L,3K,,1,1,0,0,1,0,1,1,0,,,,,,,,,,
407,3E,3I,3B,3C,3A,3F,3L,3K,,1,1,0,0,1,0,0,1,0,,,,,,,,,,
408,3E,3J,3B,3C,3A,3F,3L,3I,,1,1,0,0,0,0,1,1,0,,,,,,,,,,
409,3E,3J,3B,3C,3A,3F,3I,3K,,1,1,0,0,1,0,1,1,0,,,,,,,,,,
410,3H,3E,3B,3C,3A,3F,3L,3K,,1,1,1,0,1,0,0,1,0,,,,,,,,,,
411,3H,3J,3B,3C,3A,3F,3L,3E,,1,1,1,0,0,0,1,1,0,,,,,,,,,,
412,3H,3J,3B,3C,3A,3F,3E,3K,,1,1,1,0,1,0,1,1,0,,,,,,,,,,
413,3H,3E,3B,3C,3A,3F,3L,3I,,1,1,1,0,0,0,0,1,0,,,,,,,,,,
414,3H,3E,3B,3C,3A,3F,3I,3K,,1,1,1,0,1,0,0,1,0,,,,,,,,,,
415,3H,3J,3B,3C,3A,3F,3E,3I,,1,1,1,0,0,0,1,1,0,,,,,,,,,,
416,3E,3G,3B,3C,3A,3F,3L,3K,,1,1,0,0,1,1,0,1,0,,,,,,,,,,
417,3E,3G,3B,3C,3A,3F,3L,3J,,1,1,0,0,0,1,1,1,0,,,,,,,,,,
418,3E,3G,3B,3C,3A,3F,3J,3K,,1,1,0,0,1,1,1,1,0,,,,,,,,,,
419,3E,3G,3B,3C,3A,3F,3L,3I,,1,1,0,0,0,1,0,1,0,,,,,,,,,,
420,3E,3G,3B,3C,3A,3F,3I,3K,,1,1,0,0,1,1,0,1,0,,,,,,,,,,
421,3E,3G,3B,3C,3A,3F,3I,3J,,1,1,0,0,0,1,1,1,0,,,,,,,,,,
422,3H,3G,3B,3C,3A,3F,3L,3E,,1,1,1,0,0,1,0,1,0,,,,,,,,,,
423,3H,3G,3B,3C,3A,3F,3E,3K,,1,1,1,0,1,1,0,1,0,,,,,,,,,,
424,3H,3G,3B,3C,3A,3F,3E,3J,,1,1,1,0,0,1,1,1,0,,,,,,,,,,
425,3H,3G,3B,3C,3A,3F,3E,3I,,1,1,1,0,0,1,0,1,0,,,,,,,,,,
426,3I,3J,3B,3C,3A,3D,3L,3K,,0,1,0,1,1,0,1,1,0,,,,,,,,,,
427,3H,3J,3B,3C,3A,3D,3L,3K,,0,1,1,1,1,0,1,1,0,,,,,,,,,,
428,3H,3I,3B,3C,3A,3D,3L,3K,,0,1,1,1,1,0,0,1,0,,,,,,,,,,
429,3H,3J,3B,3C,3A,3D,3L,3I,,0,1,1,1,0,0,1,1,0,,,,,,,,,,
430,3H,3J,3B,3C,3A,3D,3I,3K,,0,1,1,1,1,0,1,1,0,,,,,,,,,,
431,3C,3J,3B,3D,3A,3G,3L,3K,,0,1,0,1,1,1,1,1,0,,,,,,,,,,
432,3I,3G,3B,3C,3A,3D,3L,3K,,0,1,0,1,1,1,0,1,0,,,,,,,,,,
433,3C,3J,3B,3D,3A,3G,3L,3I,,0,1,0,1,0,1,1,1,0,,,,,,,,,,
434,3C,3J,3B,3D,3A,3G,3I,3K,,0,1,0,1,1,1,1,1,0,,,,,,,,,,
435,3H,3G,3B,3C,3A,3D,3L,3K,,0,1,1,1,1,1,0,1,0,,,,,,,,,,
436,3H,3G,3B,3C,3A,3D,3L,3J,,0,1,1,1,0,1,1,1,0,,,,,,,,,,
437,3H,3G,3B,3C,3A,3D,3J,3K,,0,1,1,1,1,1,1,1,0,,,,,,,,,,
438,3H,3G,3B,3C,3A,3D,3L,3I,,0,1,1,1,0,1,0,1,0,,,,,,,,,,
439,3H,3G,3B,3C,3A,3D,3I,3K,,0,1,1,1,1,1,0,1,0,,,,,,,,,,
440,3H,3G,3B,3C,3A,3D,3I,3J,,0,1,1,1,0,1,1,1,0,,,,,,,,,,
441,3C,3J,3B,3D,3A,3F,3L,3K,,1,1,0,1,1,0,1,1,0,,,,,,,,,,
442,3C,3I,3B,3D,3A,3F,3L,3K,,1,1,0,1,1,0,0,1,0,,,,,,,,,,
443,3C,3J,3B,3D,3A,3F,3L,3I,,1,1,0,1,0,0,1,1,0,,,,,,,,,,
444,3C,3J,3B,3D,3A,3F,3I,3K,,1,1,0,1,1,0,1,1,0,,,,,,,,,,
445,3H,3F,3B,3C,3A,3D,3L,3K,,1,1,1,1,1,0,0,1,0,,,,,,,,,,
446,3C,3J,3B,3D,3A,3F,3L,3H,,1,1,1,1,0,0,1,1,0,,,,,,,,,,
447,3H,3J,3B,3C,3A,3F,3D,3K,,1,1,1,1,1,0,1,1,0,,,,,,,,,,
448,3H,3F,3B,3C,3A,3D,3L,3I,,1,1,1,1,0,0,0,1,0,,,,,,,,,,
449,3H,3F,3B,3C,3A,3D,3I,3K,,1,1,1,1,1,0,0,1,0,,,,,,,,,,
450,3H,3J,3B,3C,3A,3F,3D,3I,,1,1,1,1,0,0,1,1,0,,,,,,,,,,
451,3C,3G,3B,3D,3A,3F,3L,3K,,1,1,0,1,1,1,0,1,0,,,,,,,,,,
452,3C,3G,3B,3D,3A,3F,3L,3J,,1,1,0,1,0,1,1,1,0,,,,,,,,,,
453,3C,3G,3B,3D,3A,3F,3J,3K,,1,1,0,1,1,1,1,1,0,,,,,,,,,,
454,3C,3G,3B,3D,3A,3F,3L,3I,,1,1,0,1,0,1,0,1,0,,,,,,,,,,
455,3C,3G,3B,3D,3A,3F,3I,3K,,1,1,0,1,1,1,0,1,0,,,,,,,,,,
456,3C,3G,3B,3D,3A,3F,3I,3J,,1,1,0,1,0,1,1,1,0,,,,,,,,,,
457,3C,3G,3B,3D,3A,3F,3L,3H,,1,1,1,1,0,1,0,1,0,,,,,,,,,,
458,3H,3G,3B,3C,3A,3F,3D,3K,,1,1,1,1,1,1,0,1,0,,,,,,,,,,
459,3H,3G,3B,3C,3A,3F,3D,3J,,1,1,1,1,0,1,1,1,0,,,,,,,,,,
460,3H,3G,3B,3C,3A,3F,3D,3I,,1,1,1,1,0,1,0,1,0,,,,,,,,,,
461,3E,3J,3B,3C,3A,3D,3L,3K,,0,1,0,1,1,0,1,1,0,,,,,,,,,,
462,3E,3I,3B,3C,3A,3D,3L,3K,,0,1,0,1,1,0,0,1,0,,,,,,,,,,
463,3E,3J,3B,3C,3A,3D,3L,3I,,0,1,0,1,0,0,1,1,0,,,,,,,,,,
464,3E,3J,3B,3C,3A,3D,3I,3K,,0,1,0,1,1,0,1,1,0,,,,,,,,,,
465,3H,3E,3B,3C,3A,3D,3L,3K,,0,1,1,1,1,0,0,1,0,,,,,,,,,,
466,3H,3J,3B,3C,3A,3D,3L,3E,,0,1,1,1,0,0,1,1,0,,,,,,,,,,
467,3H,3J,3B,3C,3A,3D,3E,3K,,0,1,1,1,1,0,1,1,0,,,,,,,,,,
468,3H,3E,3B,3C,3A,3D,3L,3I,,0,1,1,1,0,0,0,1,0,,,,,,,,,,
469,3H,3E,3B,3C,3A,3D,3I,3K,,0,1,1,1,1,0,0,1,0,,,,,,,,,,
470,3H,3J,3B,3C,3A,3D,3E,3I,,0,1,1,1,0,0,1,1,0,,,,,,,,,,
471,3E,3G,3B,3C,3A,3D,3L,3K,,0,1,0,1,1,1,0,1,0,,,,,,,,,,
472,3E,3G,3B,3C,3A,3D,3L,3J,,0,1,0,1,0,1,1,1,0,,,,,,,,,,
473,3E,3G,3B,3C,3A,3D,3J,3K,,0,1,0,1,1,1,1,1,0,,,,,,,,,,
474,3E,3G,3B,3C,3A,3D,3L,3I,,0,1,0,1,0,1,0,1,0,,,,,,,,,,
475,3E,3G,3B,3C,3A,3D,3I,3K,,0,1,0,1,1,1,0,1,0,,,,,,,,,,
476,3E,3G,3B,3C,3A,3D,3I,3J,,0,1,0,1,0,1,1,1,0,,,,,,,,,,
477,3H,3G,3B,3C,3A,3D,3L,3E,,0,1,1,1,0,1,0,1,0,,,,,,,,,,
478,3H,3G,3B,3C,3A,3D,3E,3K,,0,1,1,1,1,1,0,1,0,,,,,,,,,,
479,3H,3G,3B,3C,3A,3D,3E,3J,,0,1,1,1,0,1,1,1,0,,,,,,,,,,
480,3H,3G,3B,3C,3A,3D,3E,3I,,0,1,1,1,0,1,0,1,0,,,,,,,,,,
481,3C,3E,3B,3D,3A,3F,3L,3K,,1,1,0,1,1,0,0,1,0,,,,,,,,,,
482,3C,3J,3B,3D,3A,3F,3L,3E,,1,1,0,1,0,0,1,1,0,,,,,,,,,,
483,3C,3J,3B,3D,3A,3F,3E,3K,,1,1,0,1,1,0,1,1,0,,,,,,,,,,
484,3C,3E,3B,3D,3A,3F,3L,3I,,1,1,0,1,0,0,0,1,0,,,,,,,,,,
485,3C,3E,3B,3D,3A,3F,3I,3K,,1,1,0,1,1,0,0,1,0,,,,,,,,,,
486,3C,3J,3B,3D,3A,3F,3E,3I,,1,1,0,1,0,0,1,1,0,,,,,,,,,,
487,3H,3F,3B,3C,3A,3D,3L,3E,,1,1,1,1,0,0,0,1,0,,,,,,,,,,
488,3H,3E,3B,3C,3A,3F,3D,3K,,1,1,1,1,1,0,0,1,0,,,,,,,,,,
489,3H,3J,3B,3C,3A,3F,3D,3E,,1,1,1,1,0,0,1,1,0,,,,,,,,,,
490,3H,3E,3B,3C,3A,3F,3D,3I,,1,1,1,1,0,0,0,1,0,,,,,,,,,,
491,3C,3G,3B,3D,3A,3F,3L,3E,,1,1,0,1,0,1,0,1,0,,,,,,,,,,
492,3C,3G,3B,3D,3A,3F,3E,3K,,1,1,0,1,1,1,0,1,0,,,,,,,,,,
493,3C,3G,3B,3D,3A,3F,3E,3J,,1,1,0,1,0,1,1,1,0,,,,,,,,,,
494,3C,3G,3B,3D,3A,3F,3E,3I,,1,1,0,1,0,1,0,1,0,,,,,,,,,,
495,3H,3G,3B,3C,3A,3F,3D,3E,,1,1,1,1,0,1,0,1,0,,,,,,,,,,
,,,,,,,,.,.,.,.,.,.,.,.,.,.,.,.,,,,,,,,,
